1,"2017-08-23,20:02:57",Top zero,露露啦
2,"2017-08-23,20:03:00",Top zero,好好好
Top zero,2

1,"2017-08-24,11:21:27",Top zero,"你好啊,我是XXX，XXX"
Top zero,1
2,"2017-08-24,11:23:56",Top zero,A
3,"2017-08-24,11:23:58",Top zero,B
4,"2017-08-24,11:24:00",Top zero,C
5,"2017-08-24,11:24:02",Top zero,D
Top zero,4
1,"2017-08-24,17:45:37",Top zero,@帅气的哈士奇 你好啊
2,"2017-08-24,17:45:38",tuling-bot,@Top zero你貌似话里有话
3,"2017-08-24,17:45:48",Top zero,@帅气的哈士奇 没有啊
4,"2017-08-24,17:45:48",tuling-bot,@Top zero没，那就算了
5,"2017-08-24,17:46:10",Top zero,@帅气的哈士奇 最近天气好热啊
6,"2017-08-24,17:46:11",tuling-bot,@Top zero自来水可以直接泡泡面了。
7,"2017-08-24,17:46:24",Top zero,@帅气的哈士奇 没那么夸张
8,"2017-08-24,17:46:25",tuling-bot,@Top zero诶！那好吧
9,"2017-08-24,17:46:31",Top zero,@帅气的哈士奇 好无聊
10,"2017-08-24,17:46:32",tuling-bot,@Top zero我刚刚忙完。
11,"2017-08-24,17:46:37",Top zero,@帅气的哈士奇 是吗
12,"2017-08-24,17:46:40",tuling-bot,@Top zero真的
13,"2017-08-24,17:47:11",Top zero,@帅气的哈士奇 你回复快你就不行了啊
14,"2017-08-24,17:47:11",tuling-bot,@Top zero早知道你要问我这个问题
tuling-bot,7,Top zero,7
